Trinity Reference,Sign up date,Date verified by agency,Title,Forenames,Surname,Address_1,Address_2,Address_3,Town,District,County,Eircode,Landline Tel,Mobile Tel,Email,DOB,Amount,Frequency,Debtor Name,BIC,IBAN,Tax Status,Post Opt-In,Newsletter Opt-In,Email Opt-In,Phone Opt-In,Field Representative Name,Source,Start Date,Welcome Call,Channel
33300730,2025-02-10,2025-02-11,Mr,Christopher,Curran,10 Carn View,,,Clones,A85 E726,Monaghan,H23 CD57,,087 4331358,chrisy-curran@hotmail.com,1993-03-01,16,Monthly,Christopher Curran,REVOIE23XXX,IE76REVO99036025715232,YES,Yes,Yes,Yes,Yes,Olivia Iftimie,025TMK001,2025-02-04,No,Private Sites
33623079,2025-02-17,2025-02-18,Mrs,Patricia,Fox,Cloghan,Ardcath,,Garristown,A85 E726,Dublin County North,A42 NY31,,085 1358553,trishafox1967@gmail.com,1967-05-01,21,Monthly,Patricia Fox,BOFIIE2DXXX,IE56BOFI90318920777191,YES,Yes,Yes,Yes,Yes,Sen Boland,025TMK001,2025-02-04,Yes,Private Sites
33623081,2025-02-17,2025-02-18,Ms,Frances,Nolan,Buttevent Glascarn Lane,Glascarn,,Ratoath,Meath,Meath,A85 E726,,086 1902175,frances.nolan15@gmail.com,1985-09-01,21,Monthly,Frances Nolan,BOFIIE2DXXX,IE69BOFI90343739350702,YES,Yes,Yes,Yes,Yes,Ryan Halpin,025TMK001,2025-02-04,No,Private Sites
33623119,2025-02-17,2025-02-18,Ms,Una,Nibhriain,Dooen,,,Letterkenny,Donegal,Donegal,F92 YXV5,,087 9300767,unanib@gmail.com,1976-10-01,12,Monthly,Una Nibhriain,BOFIIE2DXXX,IE58BOFI90491594384315,YES,Yes,Yes,Yes,Yes,steven craig,025TMK001,2025-02-04,No,Private Sites
33623327,2025-02-17,2025-02-18,Mrs,Eileen,Conlon,Lisdrumcleve,Latton,,Castleblayney,Monaghan,Monaghan,A75 P863,,086 3400562,eileen_black@hotmail.com,1987-07-01,16,Monthly,Eileen Conlon,PSTSIE21XXX,IE61PSTS99030118714723,YES,Yes,Yes,Yes,Yes,Shannon Doyle,025TMK001,2025-02-04,No,Private Sites
33623434,2025-02-17,2025-02-18,Ms,Janique,Burden,Little Bridge House,Pound Street,Ramelton,Letterkenny,Donegal,Donegal,F92 NX0T,,085 7353991,janique.burden@gmail.com,1964-08-01,21,Monthly,Janique Burden,BOFIIE2DXXX,IE10BOFI90491562777341,YES,Yes,Yes,Yes,Yes,steven craig,025TMK001,2025-02-04,Yes,Private Sites
33623435,2025-02-17,2025-02-18,Ms,Sandy,McGuire,Windgate Ratoath Road,Baltrasna,,Ashbourne,Meath,Meath,A84 CF30,,086 2619343,sandymcguire1@gmail.com,1976-02-01,12,Monthly,Sandy McGuire,IPBSIE2DXXX,IE17IPBS99067110301692,YES,Yes,Yes,Yes,Yes,Veneta Zmaka,025TMK001,2025-02-04,Yes,Private Sites
33623464,2025-02-17,2025-02-18,Mr,John Anthony,McNally,Drumrooghill,,,Lisnalong,Monaghan,Monaghan,H18 D421,,087 7641153,johnamcnally@eircom.net,1975-06-01,16,Monthly,John Anthony McNally,BOFIIE2DXXX,IE59BOFI90331493566870,YES,Yes,Yes,Yes,Yes,Mia O Connor,025TMK001,2025-02-04,Yes,Private Sites
33623788,2025-02-17,2025-02-18,Ms,Silindokuhle,Dhladhla,7 Benson Crescent,,,Donabate,Dublin County North,Dublin County North,K36 DX53,,089 4349719,samanthadhladhla@yahoo.com,1988-06-01,18,Monthly,Silindokuhle Dhladhla,REVOIE23XXX,IE27REVO99036090174360,YES,Yes,Yes,Yes,Yes,Jack Faulkner,025TMK001,2025-02-04,Yes,Private Sites
33624005,2025-02-17,2025-02-18,Ms,Ciara,Noonan,12 Ashewood Place,Ashewood,,Ashbourne,Meath,Meath,A84 NY98,,089 2291865,ciaranoonan1982@gmail.com,1982-03-01,12,Monthly,Ciara Noonan,IPBSIE2DXXX,IE54IPBS99067134421143,YES,Yes,Yes,Yes,Yes,Sen Boland,025TMK001,2025-02-04,No,Private Sites
33624082,2025-02-17,2025-02-18,Mr,Debbie,Long,Milltown Road,,,Ashbourne,Meath,Meath,D09 VP11,,083 0433971,debbielong878@gmail.com,1989-09-01,12,Monthly,Debbie Long,AIBKIE2DXXX,IE33AIBK93239611183080,YES,Yes,Yes,Yes,Yes,Viktor Tumas,025TMK001,2025-02-04,Yes,Private Sites
33624090,2025-02-17,2025-02-18,Mr,Peter,Cullinane,Lismonaghan,,,Letterkenny,Donegal,Donegal,F92 N9XK,,087 2318693,csarchs@gmail.com,1954-07-01,12,Monthly,Peter Cullinane,IPBSIE2DXXX,IE57IPBS99064616974851,YES,Yes,Yes,Yes,Yes,steven craig,025TMK001,2025-02-04,Yes,Private Sites
33624117,2025-02-17,2025-02-18,Ms,Anne,Tormey,Tobergregan,,,Garristown,Dublin County North,Dublin County North,A42 AD72,,087 2052377,annetormey4@gmail.com,1971-02-01,21,Monthly,Anne Tormey,IPBSIE2DXXX,IE89IPBS99067122176591,YES,Yes,Yes,Yes,Yes,Veneta Zmaka,025TMK001,2025-02-04,Yes,Private Sites
33624121,2025-02-17,2025-02-18,Mrs,Margret,Saemundsdottir,50 Clements Town,,,Cootehill,Cavan,Cavan,H16 W326,,083 0074541,margretdoesmakeup@gmail.com,1990-12-01,21,Monthly,Margret Saemundsdottir,AIBKIE2DXXX,IE51AIBK93242617511031,YES,Yes,Yes,Yes,Yes,Shannon Doyle,025TMK001,2025-02-04,No,Private Sites
33624760,2025-02-17,2025-02-18,Mrs,Karolina,Okoro,Feede,Ravensdale,,Dundalk,Louth,Louth,A91 EK28,,085 1156514,karolinabrus87@gmail.com,1987-04-01,21,Monthly,Karolina Okoro,REVOIE23XXX,IE93REVO99036017421232,YES,Yes,Yes,Yes,Yes,Mia O Connor,025TMK001,2025-02-04,Yes,Private Sites
33624761,2025-02-17,2025-02-18,Ms,Jessica,Buckley,Apartment 110 Block E,Turvey Walk,The Gallery,Donabate,Dublin County North,Dublin County North,K36 RW67,,086 1622139,jb211108@gmail.com,1982-12-01,21,Monthly,Jessica Buckley,AIBKIE2DXXX,IE55AIBK93219120062082,YES,Yes,Yes,Yes,Yes,Jack Faulkner,025TMK001,2025-02-04,Yes,Private Sites
33624779,2025-02-17,2025-02-18,Mr,Ton,Joseph,15 Churchfield Crescent,,,Ashbourne,Meath,Meath,A84 AK63,,089 2681787,tonjoseph1@gmail.com,1992-10-01,16,Monthly,Ton Joseph,REVOIE23XXX,IE79REVO99036098872093,YES,Yes,Yes,Yes,Yes,Ryan Halpin,025TMK001,2025-02-04,Yes,Private Sites
33624824,2025-02-17,2025-02-18,Ms,Keara,McDonagh,Station Road,Drumaveil North,,Cootehill,Cavan,Cavan,H16 CR60,,087 1750282,kearamcdonagh@gmail.com,1998-06-01,12,Monthly,Keara McDonagh,BOFIIE2DXXX,IE25BOFI90331482888073,YES,Yes,Yes,Yes,Yes,Shannon Doyle,025TMK001,2025-02-04,Yes,Private Sites
33625358,2025-02-17,2025-02-18,Ms,Amy,Johnston,2 Newtown Cottages,Balheary,,Swords,Dublin County North,Dublin County North,K67 N8Y6,,086 8656678,amyjohnston1804@gmail.com,1991-04-01,16,Monthly,Amy Johnston,AIBKIE2DXXX,IE95AIBK93734713809079,YES,Yes,Yes,Yes,Yes,Jack Faulkner,025TMK001,2025-02-04,Yes,Private Sites
33625429,2025-02-17,2025-02-18,Mr,Freddy,Kavanagh,Oakgate,Navan Road,,Kentstown,Meath,Meath,C15 NY36,,085 7821266,kavanaghfreddy13@gmail.com,1994-10-01,16,Monthly,Freddy Kavanagh,REVOIE23XXX,IE51REVO99036059014327,YES,Yes,Yes,Yes,Yes,Michelle Clarke,025TMK001,2025-02-04,Yes,Private Sites
33626017,2025-02-17,2025-02-18,Mr,John,Sheridan,Dairybrae,,,Cootehill,Cavan,Cavan,H16 R522,,083 4806669,jp3sheridan@gmail.com,1969-04-01,21,Monthly,John Sheridan,BOFIIE2DXXX,IE29BOFI90331476969643,YES,Yes,Yes,Yes,Yes,Olivia Iftimie,025TMK001,2025-02-04,Yes,Private Sites
33626071,2025-02-17,2025-02-18,Mr,Michael,McCann,23 Drumnaveil Estate,,,Cootehill,Cavan,Cavan,H16 YX67,,087 3541084,michaelmccann6789@gmail.com,1999-08-01,12,Monthly,Michael McCann,IPBSIE2DXXX,IE40IPBS99066831719800,YES,Yes,Yes,Yes,Yes,Mia O Connor,025TMK001,2025-02-04,Yes,Private Sites
33626111,2025-02-17,2025-02-18,Ms,Laura,Hayes,12 Lintown Place,,,Lintown Hall,Kilkenny,Kilkenny,R95 EDN8,,083 4613232,hayeslaura45@gmail.com,2000-02-01,12,Monthly,Laura Hayes,IPBSIE2DXXX,IE42IPBS99063627526524,YES,Yes,Yes,Yes,Yes,Gary Murphy,025TMK001,2025-02-04,Yes,Private Sites
33626113,2025-02-17,2025-02-18,Mrs,Sarah,O'Connor,3 Lissadel Wood,Swords Road,,Malahide,Dublin County North,Dublin County North,K36 N735,,086 8520734,sarahocon@gmail.com,1976-08-01,21,Monthly,Sarah O'Connor,AIBKIE2DXXX,IE35AIBK93252374999048,YES,Yes,Yes,Yes,Yes,Liam J O reilly,025TMK001,2025-02-04,No,Private Sites
33626179,2025-02-17,2025-02-18,Mr,Ade,Salawu,75 Boulevard,Mount Eustace,,Tyrrelstown,Dublin 15,Dublin 15,D15 PW67,,086 8962554,salawuiwo@yahoo.com,1968-05-01,21,Monthly,Ade Salawu,IPBSIE2DXXX,IE61IPBS99067214252987,YES,Yes,Yes,Yes,Yes,Ryan Halpin,025TMK001,2025-02-04,Yes,Private Sites
33626186,2025-02-17,2025-02-18,Ms,Deirdre,Hynes,3 Steeplechase Wood,,,Ratoath,Meath,Meath,A85 XT29,,087 9373779,deirdref03@gmail.com,1985-01-01,16,Monthly,Deirdre Hynes,IPBSIE2DXXX,IE77IPBS99067131036011,YES,Yes,Yes,Yes,Yes,Veneta Zmaka,025TMK001,2025-02-04,Yes,Private Sites
33626258,2025-02-17,2025-02-18,Ms,Aisling,Fulham,25 Hollybrook Grove,,,Clontarf,Dublin 3,Dublin 3,D03 PK88,,086 1629255,aisling.fullam@gmail.com,1999-04-01,12,Monthly,Aisling Fulham,IPBSIE2DXXX,IE39IPBS99061626282912,YES,Yes,Yes,Yes,Yes,Gary Murphy,025TMK001,2025-02-04,Yes,Private Sites
33626267,2025-02-17,2025-02-18,Ms,Gemma,Cullen,34 Mill Race,,,Ashbourne,Meath,Meath,A84 E720,,083 3039150,gemmacullenxx@gmail.com,1998-05-01,12,Monthly,Gemma Cullen,AIBKIE2DXXX,IE36AIBK93239640273035,YES,Yes,Yes,Yes,Yes,Arianna Brunton,025TMK001,2025-02-04,Yes,Private Sites
33626302,2025-02-17,2025-02-18,Mr,Eckard,Brits,St Christopher,Wotton,,The Ward,Meath,Meath,D11 C79W,,085 7591387,eckardb89@gmail.com,1989-07-01,21,Monthly,Eckard Brits,REVOIE23XXX,IE98REVO99036099351222,YES,Yes,Yes,Yes,Yes,Viktor Tumas,025TMK001,2025-02-04,Yes,Private Sites
33626305,2025-02-17,2025-02-18,Mr,Mark,Chambers,Cordevlis House,Cordevlis,,Ballybay,Monaghan,Monaghan,A75 Y224,,083 0228779,markchambers78@icloud.com,1996-12-01,12,Monthly,Mark Chambers,AIBKIE2DXXX,IE60AIBK93242613278080,YES,Yes,Yes,Yes,Yes,Olivia Iftimie,025TMK001,2025-02-04,Yes,Private Sites
33626317,2025-02-17,2025-02-18,Mr,Davids,Tarasovs,Apartment 21,Wikeford Hall,Thornleigh,Swords,Dublin County North,Dublin County North,K67 V092,,083 0895392,davidstarasovs@gmail.com,1998-12-01,12,Monthly,Davids Tarasovs,REVOIE23XXX,IE90REVO99036081046981,YES,Yes,Yes,Yes,Yes,Liam J O reilly,025TMK001,2025-02-04,Yes,Private Sites
33626334,2025-02-17,2025-02-18,Mrs,Leanne,Carroll,Cortober,,,Kingscourt,Cavan,Cavan,A82 A072,,087 1661100,leannecarroll27@gmail.com,1993-10-01,16,Monthly,Leanne Carroll,BOFIIE2DXXX,IE58BOFI90326996259470,YES,Yes,Yes,Yes,Yes,Shannon Doyle,025TMK001,2025-02-04,Yes,Private Sites
33626453,2025-02-17,2025-02-18,Ms,Evelyn,Barry,Apt 77 Killegland Walk,,,Ashbourne,Meath,Meath,A84 PN72,,085 1246320,eve106@hotmail.com,1986-11-01,18,Monthly,Evelyn Barry,AIBKIE2DXXX,IE07AIBK93238801423280,YES,Yes,Yes,Yes,Yes,Arianna Brunton,025TMK001,2025-02-04,Yes,Private Sites
33626457,2025-02-17,2025-02-18,Ms,Helen,Smith,Knightfield Lodge,Danestown,Balrath,Navan,Meath,Meath,C15 X2D8,,086 3843043,helenesmith@gmail.com,1973-04-01,16,Monthly,Helen Smith,AIBKIE2DXXX,IE34AIBK93218306605037,YES,Yes,Yes,Yes,Yes,Dylan Mcauley,025TMK001,2025-02-04,Yes,Private Sites
33626714,2025-02-17,2025-02-18,Mr,John,Finlay,Drumavaddy,,,Carrickaboy,Cavan,Cavan,H12 HE18,,087 9659809,johnfinlay1993@gmail.com,1993-04-01,16,Monthly,John Finlay,REVOIE23XXX,IE48REVO99036039229485,YES,Yes,Yes,Yes,Yes,Mia O Connor,025TMK001,2025-02-04,Yes,Private Sites
33626721,2025-02-17,2025-02-18,Ms,Molly,Farrell,Apt 37 Seagrave Square,Castle Street,,Ashbourne,Meath,Meath,A84 P773,,085 1103901,mollyfarrell17@gmail.com,1995-08-01,12,Monthly,Molly Farrell,AIBKIE2DXXX,IE58AIBK93234533714138,YES,Yes,Yes,Yes,Yes,Arianna Brunton,025TMK001,2025-02-04,No,Private Sites
33626787,2025-02-17,2025-02-18,Mr,Peter,Mongan,Drumnatinney,Falcarragh,,Letterkenny,Donegal,Donegal,F92 NY29,,089 4306558,petemongan@gmail.com,1990-06-01,18,Monthly,Peter Mongan,BOFIIE2DXXX,IE66BOFI90471275149897,YES,Yes,Yes,Yes,Yes,Olivia Iftimie,025TMK001,2025-02-04,No,Private Sites
33626804,2025-02-17,2025-02-18,Mr,Wayne,Sydes,34 Father O'Connor Crescent,Mountrath,,Portlaoise,Laois,Laois,R32 X638,,089 4168523,waynesydes@gmail.com,1987-04-01,18,Monthly,Wayne Sydes,BOFIIE2DXXX,IE04BOFI90182955450260,YES,Yes,Yes,Yes,Yes,Shannon Doyle,025TMK001,2025-02-04,No,Private Sites
33626821,2025-02-17,2025-02-18,Mr,Aaron,Ryan,Rushall,Castletown,,Portlaoise,Laois,Laois,R32 YP74,,085 1129549,aaron.ryan96@gmail.com,1996-01-01,16,Monthly,Aaron Ryan,BOFIIE2DXXX,IE04BOFI90182986307512,YES,Yes,Yes,Yes,Yes,Olivia Iftimie,025TMK001,2025-02-04,No,Private Sites
33626880,2025-02-17,2025-02-18,Miss,Katie,Walsh,Strangford House,Ballymadrough,,Donabate,Dublin County North,Dublin County North,K36 EC91,,087 2788505,katiewalsh95@hotmail.com,1995-06-01,12,Monthly,Katie Walsh,BOFIIE2DXXX,IE05BOFI90070387224655,YES,Yes,Yes,Yes,Yes,Liam J O reilly,025TMK001,2025-02-04,Yes,Private Sites
33637624,2025-02-18,2025-02-19,Ms,Alessandra,Laposte,31 Hillview,,,Dunshaughlin,Meath,Meath,A85 FX50,,085 2785078,aletta95@icloud.com,1995-02-01,16,Monthly,Alessandra Laposte,BOFIIE2DXXX,IE33BOFI90343723282039,YES,Yes,Yes,Yes,Yes,Arianna Brunton,025TMK001,2025-02-04,Yes,Private Sites
33637757,2025-02-18,2025-02-19,Mr,Conor,McMahon,Gortin,Tullyvin,,Cootehill,Cavan,Cavan,H16 TX66,,087 4510494,mcmahonconor99@hotmail.com,1999-06-01,12,Monthly,Conor McMahon,BOFIIE2DXXX,IE90BOFI90329386173606,YES,Yes,Yes,Yes,Yes,Jack Faulkner,025TMK001,2025-02-04,Yes,Private Sites
33640209,2025-02-18,2025-02-19,Mrs,Heather,Barbour,Robert Barbour Haulage,,,Drum,Monaghan,Monaghan,H16 A438,,087 7976889,heatherbarbour@live.ie,1969-03-01,21,Monthly,Heather Barbour,AIBKIE2DXXX,IE06AIBK93247739389067,YES,Yes,Yes,Yes,Yes,Mia O Connor,025TMK001,2025-02-04,Yes,Private Sites
33640244,2025-02-18,2025-02-19,Mr,James,McGahon,Knightstown,Wilkinstown,,Navan,Meath,Meath,C15 R993,,087 2253383,mcgahonjim@gmail.com,1981-11-01,16,Monthly,James McGahon,BOFIIE2DXXX,IE11BOFI90350920254374,YES,Yes,Yes,Yes,Yes,Michelle Clarke,025TMK001,2025-02-04,Yes,Private Sites
33641175,2025-02-18,2025-02-19,Mrs,Jenny,Coyle,Tullygay,,,Letterkenny,Donegal,Donegal,F92 TY7A,,087 7764810,jenny-gibbons@hotmail.com,1980-08-01,18,Monthly,Jenny Coyle,AIBKIE2DXXX,IE51AIBK93744409566024,YES,Yes,Yes,Yes,Yes,steven craig,025TMK001,2025-02-04,No,Private Sites
33641295,2025-02-18,2025-02-19,Ms,Lucia,McMahon,24 Brindley Park Square,Brindley Park,,Ashbourne,Meath,Meath,A84 PP79,,085 1965593,luciamc99@gmail.com,1999-12-01,12,Monthly,Lucia McMahon,IPBSIE2DXXX,IE37IPBS99067125048339,YES,Yes,Yes,Yes,Yes,Ryan Halpin,025TMK001,2025-02-04,Yes,Private Sites
33641381,2025-02-18,2025-02-19,Mrs,Tricia,Clarke,Edrans,Tullyco,,Cootehill,Cavan,Cavan,H16 DD21,,086 1269644,triciac016@gmail.com,1993-03-01,16,Monthly,Patricia Clarke,BOFIIE2DXXX,IE03BOFI90321892081951,YES,Yes,Yes,Yes,Yes,Shannon Doyle,025TMK001,2025-02-04,Yes,Private Sites
33641447,2025-02-18,2025-02-19,Mr,Alan,Buckley,54 Beladd Upper,Beladd,,Portlaoise,Laois,Laois,R32 K73V,,083 1430816,alan.buckley32@icloud.com,1994-07-01,12,Monthly,Alan Buckley,BOFIIE2DXXX,IE81BOFI90675042548234,YES,Yes,Yes,Yes,Yes,Arianna Brunton,025TMK001,2025-02-04,Yes,Private Sites
33641481,2025-02-18,2025-02-19,Mr,Daragh,Carolan,Rathtrasna,Drumconrath,,Navan,Meath,Meath,C15 DX58,,087 2219241,dcarolancrystal@gmail.com,1977-07-01,25,Monthly,Crystal Complete Building Ltd,AIBKIE2DXXX,IE61AIBK93239639807082,YES,Yes,Yes,Yes,Yes,Veneta Zmaka,025TMK001,2025-02-04,Yes,Private Sites
33641728,2025-02-18,2025-02-19,Ms,Anke,Paschke,3 Killegland Rise,,,Ashbourne,Meath,Meath,A84 Y180,,087 7487587,anke.paschke@gmail.com,1978-03-01,25,Monthly,Anke Paschke,BOFIIE2DXXX,IE22BOFI90042048581035,YES,Yes,Yes,Yes,Yes,Arianna Brunton,025TMK001,2025-02-04,Yes,Private Sites
33641830,2025-02-18,2025-02-19,Mr,Daniel,Clarke,12 The Park Inse Bay,Laytown,,Drogheda,Louth,Louth,A92 FY97,,089 2265605,danoclarke@gmail.com,1985-12-01,21,Monthly,Daniel Clarke,AIBKIE2DXXX,IE66AIBK93201941870067,YES,Yes,Yes,Yes,Yes,Gary Murphy,025TMK001,2025-02-04,Yes,Private Sites
33641929,2025-02-18,2025-02-19,Mr,Jerin,Joes,Nutwood,,,Nuttstown,Dublin 15,Dublin 15,D15 R68X,,089 4873031,jerinkjos16571@gmail.com,1985-06-01,16,Monthly,Jerin Jose,AIBKIE2DXXX,IE98AIBK93753300701093,YES,Yes,Yes,Yes,Yes,Michelle Clarke,025TMK001,2025-02-04,No,Private Sites
33642378,2025-02-18,2025-02-19,Mrs,Susan,McDonnell,25 Coill Beag,,,Ratoath,Meath,Meath,A85 HY52,,086 8443328,susanmcdonnell2904@hotmail.com,1965-04-01,12,Monthly,Susan McDonnell,BOFIIE2DXXX,IE25BOFI90364839188418,YES,Yes,Yes,Yes,Yes,Michelle Clarke,025TMK001,2025-02-04,Yes,Private Sites
33642524,2025-02-18,2025-02-19,Mr,Thomas,Vaughan,Rathcormick,Kildalkey,,Navan,Meath,Meath,C15 YD27,,087 7684872,tommymvaughan@yahoo.ie,1959-07-01,16,Monthly,Thomas Vaughan,BOFIIE2DXXX,IE75BOFI90352515056218,YES,Yes,Yes,Yes,Yes,Dylan Mcauley,025TMK001,2025-02-04,Yes,Private Sites
33642561,2025-02-18,2025-02-19,Ms,Barbara,O'Tuama,92 The Old Mill,,,Ratoath,Meath,Meath,A85 HD78,,087 6167850,barbaraotuama@gmail.com,1967-06-01,21,Monthly,Barbara O'Tuama,REVOIE23XXX,IE11REVO99036043563723,YES,Yes,Yes,Yes,Yes,Gary Murphy,025TMK001,2025-02-04,No,Private Sites
33642772,2025-02-18,2025-02-19,Ms,Tracy,Sibanda,Cedarwood,Reask,,Dunshaughlin,Meath,Meath,A85 PE06,,083 4419475,tracysibanda1992@hotmail.com,1992-01-01,12,Monthly,Tracy Sibanda,REVOIE23XXX,IE12REVO99036048906853,YES,Yes,Yes,Yes,Yes,Ryan Halpin,025TMK001,2025-02-04,Yes,Private Sites
33642827,2025-02-18,2025-02-19,Mrs,Aishling,Sheridan,Lagore Little,,,Ratoath,Meath,Meath,A85 HN27,,087 2245027,amtsheridan@gmail.com,1975-09-01,21,Monthly,Aishling Sheridan,AIBKIE2DXXX,IE04AIBK93239606557090,YES,Yes,Yes,Yes,Yes,Gary Murphy,025TMK001,2025-02-04,Yes,Private Sites
33642868,2025-02-18,2025-02-19,Ms,Sarah Jayne,Reilly,Wyestown,,,Oldtown,Dublin County North,Dublin County North,A45 X497,,085 8141024,sarahjayne1111@gmail.com,1992-03-01,16,Monthly,Sarah Jayne Reilly,AIBKIE2DXXX,IE75AIBK93239602286066,YES,Yes,Yes,Yes,Yes,Arianna Brunton,025TMK001,2025-02-04,Yes,Private Sites
33643047,2025-02-18,2025-02-19,Mr,James,Young,Fahee,,,Mullinavat,Waterford,Waterford,X91 DA07,,085 7642629,nipper555@hotmail.com,1974-07-01,25,Monthly,James Young,AIBKIE2DXXX,IE48AIBK93429106278061,YES,Yes,Yes,Yes,Yes,Ryan Halpin,025TMK001,2025-02-04,Yes,Private Sites
33643064,2025-02-18,2025-02-19,Mrs,Elaine,Collins,Brownstown,,,Navan,Meath,Meath,C15 V5X0,,086 2469888,elainecollins69@yahoo.ie,1964-02-01,12,Monthly,Elaine Collins,AIBKIE2DXXX,IE48AIBK93218314561016,YES,Yes,Yes,Yes,Yes,Sen Boland,025TMK001,2025-02-04,Yes,Private Sites
33643128,2025-02-18,2025-02-19,Ms,Caoimhe,Ryan,Blakestown Cottage,Blakestown Road,,Mulhuddart,Dublin 15,Dublin 15,D15 PD0F,,085 7264959,cccaoimhhhe@gmail.com,1994-06-01,12,Monthly,Caoimhe Ryan,REVOIE23XXX,IE66REVO99036046867232,YES,Yes,Yes,Yes,Yes,Arianna Brunton,025TMK001,2025-02-04,Yes,Private Sites
33643169,2025-02-18,2025-02-19,Mr,Noel,Quinn,Kespenduff,Maudabawn,,Cootehill,Cavan,Cavan,H16 F952,,086 0776662,noel.quinn@live.ie,1985-09-01,21,Monthly,Noel Quinn,AIBKIE2DXXX,IE70AIBK93205140215008,YES,Yes,Yes,Yes,Yes,Shannon Doyle,025TMK001,2025-02-04,Yes,Private Sites
33643187,2025-02-18,2025-02-19,Mr,Michael,Conway,Apt 24 The Crescent,Killegland Street,,Ashbourne,Meath,Meath,A84 F767,,087 6554186,conway.michael1961@gmail.com,1961-06-01,16,Monthly,Michael Conway,AIBKIE2DXXX,IE98AIBK93101209982283,YES,Yes,Yes,Yes,Yes,Ryan Halpin,025TMK001,2025-02-04,Yes,Private Sites
33643220,2025-02-18,2025-02-19,Ms,Sonya,Mangan,Dun Roamin Carranstown,Duleek,,Drogheda,Louth,Louth,A92 TC03,,085 8142024,sonyamangan@gmail.com,1983-08-01,21,Monthly,Sonya Mangan,BOFIIE2DXXX,IE81BOFI90364886396340,YES,Yes,Yes,Yes,Yes,Viktor Tumas,025TMK001,2025-02-04,Yes,Private Sites
33643355,2025-02-18,2025-02-19,Ms,Alana,Gallagher,Heronstown,Lobinstown,,Navan,Meath,Meath,C15 A342,,085 2244880,alanagally321@gmail.com,1995-02-01,12,Monthly,Alana Gallagher,AIBKIE2DXXX,IE92AIBK93207839494043,YES,Yes,Yes,Yes,Yes,Viktor Tumas,025TMK001,2025-02-04,Yes,Private Sites
33643363,2025-02-18,2025-02-19,Ms,Suzanne,Keegan,Edoxtown,,,Tara,Meath,Meath,C15 VF99,,087 9250815,suekeegan@hotmail.com,1985-10-01,12,Monthly,Suzanne Keegan,BOFIIE2DXXX,IE56BOFI90318921320003,YES,Yes,Yes,Yes,Yes,Gary Murphy,025TMK001,2025-02-04,Yes,Private Sites
33643447,2025-02-18,2025-02-19,Mr,Dominic,O'Brien,Runahan Cottage Danestown,Balrath,,Navan,Meath,Meath,C15 D45V,,085 1008079,ashanddom@hotmail.com,1966-04-01,16,Monthly,Dominic O'Brien,BOFIIE2DXXX,IE75BOFI90343794349982,YES,Yes,Yes,Yes,Yes,Michelle Clarke,025TMK001,2025-02-04,Yes,Private Sites
33643746,2025-02-18,2025-02-19,Mr,Paul,McGoldrick,Apt 24 Seagrave Square,Castle Street,,Ashbourne,Meath,Meath,A84 YW62,,085 7776429,paul-mcgoldrick@live.ie,1993-04-01,16,Monthly,Paul McGoldrick,AIBKIE2DXXX,IE69AIBK93101228149062,YES,Yes,Yes,Yes,Yes,Ryan Halpin,025TMK001,2025-02-04,Yes,Private Sites
33643764,2025-02-18,2025-02-19,Ms,Alice,Smith,Kinvara,Dublin Road,,Ashbourne,Meath,Meath,A84 KX70,,087 6997672,alicelacy1@outlook.com,1959-07-01,25,Monthly,Alice Smith,BOFIIE2DXXX,IE52BOFI90329317679777,YES,Yes,Yes,Yes,Yes,Sen Boland,025TMK001,2025-02-04,Yes,Private Sites
33643769,2025-02-18,2025-02-19,Mr,Csaba,Vereb,115 Oak Way,Bailis Downs,,Navan,Meath,Meath,C15 R6KK,,087 9091948,csacsi750301@gmail.com,1975-03-01,21,Monthly,Csaba Vereb,AIBKIE2DXXX,IE56AIBK93252321232055,YES,Yes,Yes,Yes,Yes,Dylan Mcauley,025TMK001,2025-02-04,Yes,Private Sites
33643788,2025-02-18,2025-02-19,Mrs,Catherina,Mullen,4 Cluain Adain View,,,Navan,Meath,Meath,C15 AK3C,,086 8629363,catherina.mullen@yahoo.co.uk,1992-08-01,16,Monthly,Catherina Mullen,AIBKIE2DXXX,IE42AIBK93205187074078,YES,Yes,Yes,Yes,Yes,Mia O Connor,025TMK001,2025-02-04,No,Private Sites
33643891,2025-02-18,2025-02-19,Mr,Rafal,Fierkowicz,9 Old Church Mews,,,Cootehill,Cavan,Cavan,H16 N293,,089 2134434,fierkowiczrafal@gmail.com,1997-07-01,18,Monthly,Rafal Fierkowicz,BOFIIE2DXXX,IE28BOFI90331466617142,YES,Yes,Yes,Yes,Yes,Olivia Iftimie,025TMK001,2025-02-04,Yes,Private Sites
33644268,2025-02-18,2025-02-19,Mr,David,Kelly,Jamestown,,,Ratoath,Meath,Meath,A85 K440,,086 2405383,dkdavidkelly56@gmail.com,1993-07-01,12,Monthly,David Kelly,BOFIIE2DXXX,IE28BOFI90364822505237,YES,Yes,Yes,Yes,Yes,Veneta Zmaka,025TMK001,2025-02-04,Yes,Private Sites
33664073,2025-02-19,2025-02-20,Mrs,Christina,O'Reilly,Dromore,,,Bailieborough,Cavan,Cavan,A82 EA38,,085 1309239,xtinaoreilly@gmail.com,1993-12-01,16,Monthly,Christina O'Reilly,BOFIIE2DXXX,IE07BOFI90321829771116,YES,Yes,Yes,Yes,Yes,Shannon Doyle,025TMK001,2025-02-04,Yes,Private Sites
33664154,2025-02-19,2025-02-20,Ms,Grace,O'Neill,211 Castletown,,,Leixlip,Kildare,Kildare,W23 F6C8,,086 8961613,g10301643@gmail.com,1991-04-01,16,Monthly,Grace O'Neill,REVOIE23XXX,IE29REVO99036047682116,YES,Yes,Yes,Yes,Yes,Veneta Zmaka,025TMK001,2025-02-04,Yes,Private Sites
33664487,2025-02-19,2025-02-20,Ms,Kathleen,McCann,Loughlinstown,,,Ratoath,Meath,Meath,A85 R252,,085 7403037,kathleenmccann243@gmail.com,1951-09-01,21,Monthly,Kathleen McCann,BOFIIE2DXXX,IE77BOFI90343737908362,YES,Yes,Yes,Yes,Yes,Ryan Halpin,025TMK001,2025-02-04,Yes,Private Sites
33664572,2025-02-19,2025-02-20,Mrs,Kathy,Hever,28 Crenigans Banog,,,Ashbourne,Meath,Meath,A84 XR24,,087 9114409,kathy_noone@yahoo.com,1981-03-01,16,Monthly,Kathy Hever,IPBSIE2DXXX,IE53IPBS99065824549263,YES,Yes,Yes,Yes,Yes,Ryan Halpin,025TMK001,2025-02-04,Yes,Private Sites
33664614,2025-02-19,2025-02-20,Mrs,Donna,Bryne,79 Woodlands,,,Ratoath,Meath,Meath,A85 X519,,086 8915887,byrne_2005@hotmail.com,1973-06-01,12,Monthly,Donna Byrne,IPBSIE2DXXX,IE78IPBS99061100784031,YES,Yes,Yes,Yes,Yes,Dylan Mcauley,025TMK001,2025-02-04,Yes,Private Sites
33664638,2025-02-19,2025-02-20,Ms,Ciera,Manning,Castlefarm,,,Kilsallaghan,Dublin County North,Dublin County North,K67 HT20,,083 0541025,cierachristinamanning@gmail.com,1997-12-01,12,Monthly,Ciera Manning,AIBKIE2DXXX,IE60AIBK93320133528075,YES,Yes,Yes,Yes,Yes,Michelle Clarke,025TMK001,2025-02-04,Yes,Private Sites
33664685,2025-02-19,2025-02-20,Ms,Helen,Hand,75 Cnoc Tiarnach,Grangend,,Dunshaughlin,Meath,Meath,A85 HR99,,087 1316056,helen-hand@hotmail.com,1958-05-01,16,Monthly,Helen Hand,AIBKIE2DXXX,IE73AIBK93209416605066,YES,Yes,Yes,Yes,Yes,Veneta Zmaka,025TMK001,2025-02-04,Yes,Private Sites
33664766,2025-02-19,2025-02-20,Ms,Sinead,Rooney,96 Saint Oliver's Park,,,Ratoath,Meath,Meath,A85 Y156,,086 3861081,sinroo1972@yahoo.co.uk,1972-06-01,21,Monthly,Sinead Rooney,IPBSIE2DXXX,IE30IPBS99064000243711,YES,Yes,Yes,Yes,Yes,Gary Murphy,025TMK001,2025-02-04,Yes,Private Sites
33664771,2025-02-19,2025-02-20,Mrs,Valerie,Connolly,Killycrum,,,Castleblayney,Monaghan,Monaghan,A75 T020,,087 9919739,val_brown@hotmail.com,1973-09-01,16,Monthly,Valerie Connolly,AIBKIE2DXXX,IE64AIBK93242601460013,YES,Yes,Yes,Yes,Yes,Jack Faulkner,025TMK001,2025-02-04,Yes,Private Sites
33664796,2025-02-19,2025-02-20,Mr,Mark,McArdle,Castle Cosy,Brewery Street,Castlebellingham,Dundalk,Louth,Louth,A91 T93F,,087 1126527,askmmca@gmail.com,1981-06-01,21,Monthly,Mark McArdle,AIBKIE2DXXX,IE95AIBK93245081685047,YES,Yes,Yes,Yes,Yes,Mia O Connor,025TMK001,2025-02-04,Yes,Private Sites
33664811,2025-02-19,2025-02-20,Mr,Kevin,McGettigan,Campbellstown,,,Letterkenny,Donegal,Donegal,F92 R2PD,,087 6481991,kevinmcgettigan@hotmail.com,1973-12-01,12,Monthly,Kevin McGettigan,REVOIE23XXX,IE13REVO99036067608338,YES,Yes,Yes,Yes,Yes,steven craig,025TMK001,2025-02-04,Yes,Private Sites
33664836,2025-02-19,2025-02-20,Ms,Sinead,Killaly,Bullhill,Calverstown,,Curragh Camp,Kildare,Kildare,R56 F400,,087 6422665,shinners_mahon@hotmail.com,1982-05-01,21,Monthly,Sinead Killaly,AIBKIE2DXXX,IE91AIBK93323629841010,YES,Yes,Yes,Yes,Yes,Michelle Clarke,025TMK001,2025-02-04,Yes,Private Sites
33664871,2025-02-19,2025-02-20,Ms,Sinead,McCarthy,Hillview,Chapel Lane,,Garristown,Dublin County North,Dublin County North,A42 TD37,,086 8422887,sineadmcc1995@gmail.com,1995-06-01,12,Monthly,Sinead McCarthy,REVOIE23XXX,IE60REVO99036059139683,YES,Yes,Yes,Yes,Yes,Viktor Tumas,025TMK001,2025-02-04,Yes,Private Sites
33664942,2025-02-19,2025-02-20,Mr,Al,McKenna,Tru Elevation Limited,Drumcondra,,Emyvale,Monaghan,Monaghan,H18 PC90,,086 2612017,al@truelevation.ie,1957-02-01,25,Monthly,Tru Elevation Ltd,BOFIIE2DXXX,IE55BOFI90348819918305,YES,Yes,Yes,Yes,Yes,Olivia Iftimie,025TMK001,2025-02-04,Yes,Private Sites
33664992,2025-02-19,2025-02-20,Ms,Marie,Balfe,54 Leigh Valley,,,Ratoath,Meath,Meath,A85 AT10,,085 7263761,mariebalfe1@gmail.com,1971-11-01,16,Monthly,Marie Balfe,REVOIE23XXX,IE03REVO99036077936496,YES,Yes,Yes,Yes,Yes,Ryan Halpin,025TMK001,2025-02-04,Yes,Private Sites
33665047,2025-02-19,2025-02-20,Mr,Andrew,Bailey,30 Seachnall Abbey,,,Dunshaughlin,Meath,Meath,A85 HP02,,083 8152299,andrewbailey19@gmail.com,1993-10-01,16,Monthly,Andrew Bailey,AIBKIE2DXXX,IE59AIBK93239639117060,YES,Yes,Yes,Yes,Yes,Olivia Iftimie,025TMK001,2025-02-04,Yes,Private Sites
33665057,2025-02-19,2025-02-20,Mr,Ionut,Andrei Bogatoaie,40 Ashpark Grove,,,Lucan,Dublin County North,Dublin County North,K78 YE06,,089 9591968,shift.cs16@yahoo.com,1990-08-01,21,Monthly,Ionut Andrei Bogatoaie,AIBKIE2DXXX,IE09AIBK93356237512060,YES,Yes,Yes,Yes,Yes,Dylan Mcauley,025TMK001,2025-02-04,Yes,Private Sites
33665131,2025-02-19,2025-02-20,Miss,Eimear,Fox,Mullyash,,,Castleblayney,Monaghan,Monaghan,A75 ED26,,086 3219206,foxeimear@gmail.com,1992-12-01,16,Monthly,Eimear Fox,BOFIIE2DXXX,IE37BOFI90327754344239,YES,Yes,Yes,Yes,Yes,Shannon Doyle,025TMK001,2025-02-04,Yes,Private Sites
33665154,2025-02-19,2025-02-20,Mr,Anthony,Johnson,36 Ashvale Court,Station Road,,Duleek,Louth,Louth,A92 N6T4,,087 3685579,antson20@hotmail.com,1980-02-01,25,Monthly,Anthony Johnson,AIBKIE2DXXX,IE30AIBK93245073412020,YES,Yes,Yes,Yes,Yes,Veneta Zmaka,025TMK001,2025-02-04,Yes,Private Sites
33665301,2025-02-19,2025-02-20,Ms,Lisa,McKenna,28 Ardbanagher,,,Glaslough,Monaghan,Monaghan,H18 AE17,,087 9147409,lisamckenna27@hotmail.com,1987-04-01,16,Monthly,Lisa McKenna,AIBKIE2DXXX,IE82AIBK93247705952187,YES,Yes,Yes,Yes,Yes,Jack Faulkner,025TMK001,2025-02-04,Yes,Private Sites
33665448,2025-02-19,2025-02-20,Mr,Declan,Fitzgerald,Carraig Rua Glascarn Lane,Glascarn,,Ratoath,Meath,Meath,A85 KR96,,086 8301849,declan@dmf.ie,1960-01-01,21,Monthly,Declan Fitzgerald,BOFIIE2DXXX,IE02BOFI90073876168918,YES,Yes,Yes,Yes,Yes,Gary Murphy,025TMK001,2025-02-04,Yes,Private Sites
33665595,2025-02-19,2025-02-20,Mrs,Lorraine,Adair,Rose Cottage,Corratanty,,Castleblayney,Monaghan,Monaghan,A75 T611,,087 7092937,adair.lorraine@gmail.com,1982-09-01,25,Monthly,Lorraine Adair,BOFIIE2DXXX,IE85BOFI90327723314918,YES,Yes,Yes,Yes,Yes,Jack Faulkner,025TMK001,2025-02-04,Yes,Private Sites
33665626,2025-02-19,2025-02-20,Ms,Louise,Bradley,7 Saint Laurence Glen,Saint Laurence Road,,Chapelizod,Dublin 20,Dublin 20,D20 DV14,,087 1273627,louise.bradley00@gmail.com,1972-11-01,12,Monthly,Louise Bradley,BOFIIE2DXXX,IE37BOFI90150322261914,YES,Yes,Yes,Yes,Yes,steven craig,025TMK001,2025-02-04,Yes,Private Sites
33665830,2025-02-19,2025-02-20,Miss,Brenda,McGeough,Aughnadamph,Drumacrib,,Castleblayney,Monaghan,Monaghan,A75 X220,,086 3768593,bunnyamyadam@gmail.com,1979-07-01,21,Monthly,Brenda McGeough,AIBKIE2DXXX,IE06AIBK93203524534011,YES,Yes,Yes,Yes,Yes,Mia O Connor,025TMK001,2025-02-04,Yes,Private Sites
33665989,2025-02-19,2025-02-20,Mr,Ronan,Cunningham,Formil,,,Castleblayney,Monaghan,Monaghan,A75 TF86,,087 9500970,ronan.rockfort@gmail.com,1972-03-01,12,Monthly,Ronan Cunningham,AIBKIE2DXXX,IE19AIBK93218306618014,YES,Yes,Yes,Yes,Yes,Olivia Iftimie,025TMK001,2025-02-04,Yes,Private Sites
33666035,2025-02-19,2025-02-20,Ms,Nicola,McEneaney,Tullycarragh,,,Castleblayney,Monaghan,Monaghan,A75 A309,,087 6269422,nmceneaney24@gmail.com,1988-12-01,12,Monthly,Nicola McEneaney,AIBKIE2DXXX,IE37AIBK93242624793267,YES,Yes,Yes,Yes,Yes,Jack Faulkner,025TMK001,2025-02-04,Yes,Private Sites
33666078,2025-02-19,2025-02-20,Mr,Johnson,Joseph,Apt 31 Killegland House,Killegland Street,,Ashbourne,Meath,Meath,A84 FA36,,085 8066035,Johnsonkodathara@gmail.com,1990-04-01,16,Monthly,Johnson Joseph,REVOIE23XXX,IE28REVO99036058754684,YES,Yes,Yes,Yes,Yes,Ryan Halpin,025TMK001,2025-02-04,Yes,Private Sites
33666104,2025-02-19,2025-02-20,Mr,Devin,Cummins,Apt 38 Moylaragh Mews,,,Balbriggan,Dublin County North,Dublin County North,K32 KP29,,083 8981264,devcummins90@gmail.com,1990-04-01,21,Monthly,Devin Cummins,AIBKIE2DXXX,IE43AIBK93207847996005,YES,Yes,Yes,Yes,Yes,Sen Boland,025TMK001,2025-02-04,Yes,Private Sites
33666291,2025-02-19,2025-02-20,Mr,Ahmed,Ould Boumaza,33 Milltown Road,,,Ashbourne,Meath,Meath,A84 KF65,,085 8093632,ouldboumazaa@gmail.com,1988-10-01,21,Monthly,Ahmed Ould Boumaza,AIBKIE2DXXX,IE07AIBK93235337161012,YES,Yes,Yes,Yes,Yes,Viktor Tumas,025TMK001,2025-02-04,Yes,Private Sites
33666488,2025-02-19,2025-02-20,Mr,Joe,McNally,Annamore House,Moonlone Lane,,Naul,Dublin County North,Dublin County North,K32 KW28,,087 2590860,annamorefarms@gmail.com,1968-07-01,25,Monthly,Annamorefarms Ltd,BOFIIE2DXXX,IE59BOFI90354195481790,YES,Yes,Yes,Yes,Yes,Veneta Zmaka,025TMK001,2025-02-04,Yes,Private Sites
33666611,2025-02-19,2025-02-20,Mrs,Eileen,McMonagle,Strahirley,Drumnahoagh,,Letterkenny,Donegal,Donegal,F92 P89V,,086 4073855,eileenmcmonagle5@gmail.com,1956-09-01,12,Monthly,Eileen McMonagle,BOFIIE2DXXX,IE02BOFI90491589072536,YES,Yes,Yes,Yes,Yes,steven craig,025TMK001,2025-02-04,Yes,Private Sites
33666825,2025-02-19,2025-02-20,Mrs,Geraldine,O'Callaghan,4 Millbrook Terrace,,,Clones,Monaghan,Monaghan,H23 FY23,,087 2675859,gerocallaghan59@gmail.com,1959-01-01,12,Monthly,Geraldine O'Callaghan,PSTSIE21XXX,IE07PSTS99030127042272,YES,Yes,Yes,Yes,Yes,Olivia Iftimie,025TMK001,2025-02-04,Yes,Private Sites
33667039,2025-02-19,2025-02-20,Ms,Joanna,Bayle-Kiernan,1 The Sycamor,Rowlestown,,Swords,Dublin County North,Dublin County North,K67 K097,,086 2428939,joanna.bayle@gmail.com,1974-06-01,21,Monthly,Joanna Bayle,IPBSIE2DXXX,IE19IPBS99065811364277,YES,Yes,Yes,Yes,Yes,Michelle Clarke,025TMK001,2025-02-04,Yes,Private Sites
33667132,2025-02-19,2025-02-20,Ms,Lorraine,Lynch,Riggins,Frankstown,,Dunshaughlin,Meath,Meath,A85 AW68,,086 3644403,lorrainelynch664@gmail.com,1968-05-01,12,Monthly,Lorraine Lynch,EBSIIE2DSDDXXX,IE09EBSI93902138434636,YES,Yes,Yes,Yes,Yes,Gary Murphy,025TMK001,2025-02-04,Yes,Private Sites
33667168,2025-02-19,2025-02-20,Mr,Barry,Reynolds,Drumbaragh,,,Kells,Meath,Meath,A82 E3Y1,,085 2508386,barry.reynolds1976@gmail.com,1976-09-01,25,Monthly,Barry Reynolds,AIBKIE2DXXX,IE07AIBK93253113678026,YES,Yes,Yes,Yes,Yes,Veneta Zmaka,025TMK001,2025-02-04,Yes,Private Sites
33667172,2025-02-19,2025-02-20,Mr,Ciaran,Duignan,Moneyvolan,Annyalla,,Castleblayney,Monaghan,Monaghan,A75 K286,,085 7083750,c.duignan@yahoo.ie,1980-07-01,12,Monthly,Ciaran Duignan,BOFIIE2DXXX,IE08BOFI90001731410301,YES,Yes,Yes,Yes,Yes,Shannon Doyle,025TMK001,2025-02-04,Yes,Private Sites
33667253,2025-02-19,2025-02-20,Ms,Maryann,Ratcliffe,9 Shamrock Park,,,Oldtown,Dublin County North,Dublin County North,A45 XH00,,089 2199358,maryann.c.ratcliffe@gmail.com,1994-12-01,16,Monthly,Maryann Ratcliffe,BOFIIE2DXXX,IE91BOFI90055169034145,YES,Yes,Yes,Yes,Yes,Dylan Mcauley,025TMK001,2025-02-04,Yes,Private Sites
33667309,2025-02-19,2025-02-20,Mr,Fergal,Toal,Corracloughan,,,Castleblayney,Monaghan,Monaghan,A75 RW08,,087 6224316,fergaltoal@gmail.com,1981-04-01,18,Monthly,Fergal Toal,AIBKIE2DXXX,IE43AIBK93242623638083,YES,Yes,Yes,Yes,Yes,Olivia Iftimie,025TMK001,2025-02-04,Yes,Private Sites
33667355,2025-02-19,2025-02-20,Miss,Denise,Duffy,60 Coill Darach,,,Castleblayney,Monaghan,Monaghan,A75 F381,,087 0623957,deniseduffy1985@gmail.com,1985-07-01,16,Monthly,Denise Duffy,AIBKIE2DXXX,IE57AIBK93242623333057,YES,Yes,Yes,Yes,Yes,Mia O Connor,025TMK001,2025-02-04,No,Private Sites
33667499,2025-02-19,2025-02-20,Ms,Alina,Fendic,20 Meadowbank Hill,,,Ratoath,Meath,Meath,A85 E124,,089 6131269,alinamfendic@gmail.com,1997-12-01,12,Monthly,Alina Fendic,BOFIIE2DXXX,IE58BOFI90364823250045,YES,Yes,Yes,Yes,Yes,Sen Boland,025TMK001,2025-02-04,Yes,Private Sites
33667578,2025-02-19,2025-02-20,Mr,Witold,Gnatkowski,34 Churchfield Crescent,,,Ashbourne,Meath,Meath,A84 KX79,,089 2786313,witekgnatkowski769@gmail.com,1997-04-01,12,Monthly,Witold Gnatkowski,BOFIIE2DXXX,IE50BOFI90129876228036,YES,Yes,Yes,Yes,Yes,Viktor Tumas,025TMK001,2025-02-04,Yes,Private Sites
33667579,2025-02-19,2025-02-20,Mr,James,McGowan,Main Street,,,Dunshaughlin,Meath,Meath,A85 ET21,,086 2333677,jamesmcgowanbl@gmail.com,1968-04-01,21,Monthly,James McGowan,BOFIIE2DXXX,IE79BOFI90009266223135,YES,Yes,Yes,Yes,Yes,Gary Murphy,025TMK001,2025-02-04,Yes,Private Sites
33667728,2025-02-19,2025-02-20,Mr,Barry,Kerr,Annagh,Annyalla,,Castleblayney,Monaghan,Monaghan,A75 XY16,,086 1016045,barrykerr17@gmail.com,1997-05-01,12,Monthly,Barry Kerr,REVOIE23XXX,IE95REVO99036027626178,YES,Yes,Yes,Yes,Yes,Mia O Connor,025TMK001,2025-02-04,Yes,Private Sites
33677846,2025-02-20,2025-02-21,Ms,Margaret,Fitzgerald,35 Grosvenor Court,,,Clontarf East,Dublin 3,Dublin 3,D03 A026,,087 2220857,maggie.fitzgerarld21@gmail.com,1967-12-01,12,Monthly,Margaret Fitzgerald,BOFIIE2DXXX,IE19BOFI90042023848514,YES,Yes,Yes,Yes,Yes,Michelle Clarke,025TMK001,2025-02-04,Yes,Private Sites
33677874,2025-02-20,2025-02-21,Mrs,Margaret,Shea,10 Ravenswood Drive,,,Clonsilla,Dublin 15,Dublin 15,D15 T6F6,,087 9563492,mmshea19@gmail.com,1965-10-01,15,Monthly,Margaret Shea,AIBKIE2DXXX,IE67AIBK93220556558049,YES,Yes,Yes,Yes,Yes,Dylan Mcauley,025TMK001,2025-02-04,Yes,Private Sites
33677899,2025-02-20,2025-02-21,Ms,Karen,McManus,Apt 15 Summerseat Crescent,Summerseat,,Clonee,Meath,Meath,D15 HF07,,087 9587097,kmcm81@gmail.com,1981-07-01,25,Monthly,Karen McManus,BOFIIE2DXXX,IE28BOFI90075467555203,YES,Yes,Yes,Yes,Yes,Arianna Brunton,025TMK001,2025-02-04,Yes,Private Sites
33678002,2025-02-20,2025-02-21,Ms,Yvette,Halpin,9 Bellgree Close,,,Tyrrelstown,Dublin 15,Dublin 15,D15 V9W7,,087 2227420,yvette-hl@hotmail.com,1972-03-01,12,Monthly,Yvette Halpin,AIBKIE2DXXX,IE65AIBK93251510914069,YES,Yes,Yes,Yes,Yes,Viktor Tumas,025TMK001,2025-02-04,Yes,Private Sites
33678166,2025-02-20,2025-02-21,Mr,Paul,Kellett,5 Hillside Drive,Castletown,,Navan,Meath,Meath,C15 Y276,,086 0121010,pkellett6@gmail.com,1981-08-01,21,Monthly,Paul Kellett,IPBSIE2DXXX,IE15IPBS99061523291848,YES,Yes,Yes,Yes,Yes,Arianna Brunton,025TMK001,2025-02-04,Yes,Private Sites
33678238,2025-02-20,2025-02-21,Mrs,Sandra,Freitas,44 Ratoath Avenue,,,Finglas,Dublin 11,Dublin 11,D11 P5T8,,085 2493462,sandrafreitas68@hotmail.com,1968-02-01,16,Monthly,Sandra Freitas,BOFIIE2DXXX,IE94BOFI90656624850413,YES,Yes,Yes,Yes,Yes,Dylan Mcauley,025TMK001,2025-02-04,Yes,Private Sites
33678303,2025-02-20,2025-02-21,Mrs,Celine,Smith,68 Rosehill,Mullagh,,Kells,Meath,Meath,A82 N9V2,,083 1314173,celinesmith2607131@gmail.com,1975-05-01,21,Monthly,Celine Smith,PSTSIE21XXX,IE49PSTS99030111880125,YES,Yes,Yes,Yes,Yes,Mia O Connor,025TMK001,2025-02-04,Yes,Private Sites
33678311,2025-02-20,2025-02-21,Mr,Kevin,Stapor,Apt 28 Shackleton House,,,Archerswood,Dublin 15,Dublin 15,D15 NH24,,089 2323376,kevinstapor@gmail.com,1997-09-01,12,Monthly,Kevin Stapor,BOFIIE2DXXX,IE62BOFI90054387272382,YES,Yes,Yes,Yes,Yes,Ryan Halpin,025TMK001,2025-02-04,Yes,Private Sites
33678328,2025-02-20,2025-02-21,Ms,Corinne,Cullen,Gortloskey,,,Donegal Town,Donegal,Donegal,F94 N1W1,,087 6317447,corinnecullen@yahoo.co.uk,1977-06-01,12,Monthly,Corinne Cullen,BOFIIE2DXXX,IE78BOFI90483511943442,YES,Yes,Yes,Yes,Yes,steven craig,025TMK001,2025-02-04,No,Private Sites
33678381,2025-02-20,2025-02-21,Ms,Anita,Phillips,Holly Cottage,Castletown,,Rathmolyon,Meath,Meath,A83 CH50,,086 8271868,anitasienna54@gmail.com,1972-01-01,12,Monthly,Anita Phillips,AIBKIE2DXXX,IE59AIBK93122563199041,YES,Yes,Yes,Yes,Yes,Arianna Brunton,025TMK001,2025-02-04,Yes,Private Sites
33678677,2025-02-20,2025-02-21,Mr,Johnathan,Maher,Apartment 36 Sli Bhearu,Cois Bhearu,,Athy,Kildare,Kildare,R14 CD98,,085 1488106,jackomaher08@hotmail.com,1991-09-01,16,Monthly,Johnathan Maher,BOFIIE2DXXX,IE63BOFI90116751265375,YES,Yes,Yes,Yes,Yes,Arianna Brunton,025TMK001,2025-02-04,Yes,Private Sites
33678779,2025-02-20,2025-02-21,Mr,Barry,Comer,Smallsville,Cushinstown,,Dunboyne,Meath,Meath,A86 KT35,,087 9259207,barcomer@gmail.com,1985-05-01,12,Monthly,Barry Comer,REVOIE23XXX,IE75REVO99036085632247,YES,Yes,Yes,Yes,Yes,Sen Boland,025TMK001,2025-02-04,Yes,Private Sites
33678808,2025-02-20,2025-02-21,Mr,John,Smith,Cavan Road,,,Virginia,Cavan,Cavan,A82 FH73,,087 2469138,johnfsmithvet@gmail.com,1956-06-01,21,Monthly,John Smith,AIBKIE2DXXX,IE34AIBK93205134939050,YES,Yes,Yes,Yes,Yes,Mia O Connor,025TMK001,2025-02-04,Yes,Private Sites
33678964,2025-02-20,2025-02-21,Ms,Caroline,Noble,4 The Park,Pheasant Run,,Clonee,Dublin 15,Dublin 15,D15 W8P2,,085 1402516,carolinenoble85@gmail.com,1966-07-01,21,Monthly,Caroline Noble,IPBSIE2DXXX,IE43IPBS99061185374869,YES,Yes,Yes,Yes,Yes,Michelle Clarke,025TMK001,2025-02-04,Yes,Private Sites
33678967,2025-02-20,2025-02-21,Mr,Brian,Flinter,Ballylinan,,,Athy,Kildare,Kildare,R14 DX22,,086 4566479,baldybb1@gmail.com,1983-02-01,18,Monthly,Brian Flinter,AIBKIE2DXXX,IE16AIBK93336811834288,YES,Yes,Yes,Yes,Yes,Jack Faulkner,025TMK001,2025-02-04,Yes,Private Sites
33679052,2025-02-20,2025-02-21,Mrs,Laura,Duffy,233 Pace Road,,,Clonee,Dublin 15,Dublin 15,D15 N250,,086 0828199,lauraaduffy93@gmail.com,1993-07-01,16,Monthly,Laura Duffy,AIBKIE2DXXX,IE09AIBK93234528509030,YES,Yes,Yes,Yes,Yes,Ryan Halpin,025TMK001,2025-02-04,Yes,Private Sites
33679157,2025-02-20,2025-02-21,Mrs,Jenny,Deane,Calhame,,,Bruckless,Donegal,Donegal,F94 TR84,,087 6298536,jennymdeane27@gmail.com,1976-12-01,21,Monthly,Jenny Deane,BOFIIE2DXXX,IE81BOFI90490791078013,YES,Yes,Yes,Yes,Yes,steven craig,025TMK001,2025-02-04,Yes,Private Sites
33679302,2025-02-20,2025-02-21,Mr,Paul,Cox,Ballyhubert,,,Scramoge,Roscommon,Roscommon,F42 W640,,086 0826039,paulcoxscramogue@gmail.com,1990-08-01,21,Monthly,Paul Cox,BOFIIE2DXXX,IE36BOFI90496663546123,YES,Yes,Yes,Yes,Yes,Gary Murphy,025TMK001,2025-02-04,Yes,Private Sites
33679448,2025-02-20,2025-02-21,Mrs,Lisa,Briody,Skearke,Mullagh,,Kells,Meath,Meath,A82 V2D0,,087 7937384,lisabriody@hotmail.co.uk,1976-11-01,16,Monthly,Lisa Briody,BOFIIE2DXXX,IE68BOFI90344554408546,YES,Yes,Yes,Yes,Yes,Shannon Doyle,025TMK001,2025-02-04,Yes,Private Sites
33679492,2025-02-20,2025-02-21,Mr,Daniel,Ronan O'Hagan,58 Castletimon Road,,,Kilmore,Dublin 5,Dublin 5,D05 YC42,,085 8425908,dronanohagan@gmail.com,1997-12-01,12,Monthly,Daniel Ronan O'Hagan,BOFIIE2DXXX,IE74BOFI90003376015110,YES,Yes,Yes,Yes,Yes,Sen Boland,025TMK001,2025-02-04,Yes,Private Sites
33679516,2025-02-20,2025-02-21,Mrs,Sinead,O'Neill,30 Lioscian,Murrough Road,,Swords,Dublin County North,Dublin County North,K67 F859,,087 6557018,sinead.o.neill@hotmail.com,1972-01-01,12,Monthly,Sinead O'Neill,IPBSIE2DXXX,IE70IPBS99061653518693,YES,Yes,Yes,Yes,Yes,Gary Murphy,025TMK001,2025-02-04,Yes,Private Sites
33679605,2025-02-20,2025-02-21,Ms,Emer,Little,16 Manorfields Avenue,,,Castaheany,Dublin 15,Dublin 15,D15 T3C7,,087 8316658,emerlittle@gmail.com,1967-08-01,21,Monthly,Emer Little,BOFIIE2DXXX,IE64BOFI90001727133145,YES,Yes,Yes,Yes,Yes,Arianna Brunton,025TMK001,2025-02-04,Yes,Private Sites
33679741,2025-02-20,2025-02-21,Mr,Liam,Watson,1 Kilcrea Cottage,Kilcrea,,Donabate,Dublin County North,Dublin County North,K36 H075,,087 2115115,liamwatson988@gmail.com,1995-04-01,12,Monthly,Liam Watson,BOFIIE2DXXX,IE18BOFI90070372021708,YES,Yes,Yes,Yes,Yes,Veneta Zmaka,025TMK001,2025-02-04,Yes,Private Sites
33680141,2025-02-20,2025-02-21,Mr,Lukasz,Furmanski,19 Parnell Close,Parnell Estate,,Mulhuddart,Dublin 15,Dublin 15,D15 HD90,,087 3547915,lukfurmanski@gmail.com,1983-04-01,12,Monthly,Lukasz Furmanski,AIBKIE2DXXX,IE08AIBK93110116500138,YES,Yes,Yes,Yes,Yes,Ryan Halpin,025TMK001,2025-02-04,Yes,Private Sites
33680305,2025-02-20,2025-02-21,Mr,Ciaran,Clarke,Rathnamuddagh,Dysart,,Mullingar,Westmeath,Westmeath,N91 TY03,,087 7733284,ciaranclarke1982@gmail.com,1982-04-01,21,Monthly,Ciaran Clarke,BOFIIE2DXXX,IE09BOFI90185332732572,YES,Yes,Yes,Yes,Yes,Ryan Halpin,025TMK001,2025-02-04,Yes,Private Sites
33680418,2025-02-20,2025-02-21,Mrs,Julia-Ann,Maguire,9 Deerhaven Close,,,Huntstown,Dublin 15,Dublin 15,D15 X0H9,,085 7189538,sullymaguire@gmail.com,1978-02-01,21,Monthly,Julia-Ann Maguire,IPBSIE2DXXX,IE14IPBS99064285028724,YES,Yes,Yes,Yes,Yes,Ryan Halpin,025TMK001,2025-02-04,Yes,Private Sites
33680456,2025-02-20,2025-02-21,Mr,Michael,Roche,Hillview,Green Hill,,Fermoy,Cork,Cork,P61 D996,,086 0806964,michaelroche97@hotmail.com,1997-05-01,12,Monthly,Michael Roche,BOFIIE2DXXX,IE90BOFI90286410212832,YES,Yes,Yes,Yes,Yes,Veneta Zmaka,025TMK001,2025-02-04,Yes,Private Sites
33680673,2025-02-20,2025-02-21,Mr,Niall,Prunty,Croghan,,,Annyalla,Monaghan,Monaghan,A75 DA07,,087 6024848,niallprunty@gmail.com,1986-04-01,12,Monthly,Niall Prunty,AIBKIE2DXXX,IE34AIBK93242603180072,YES,Yes,Yes,Yes,Yes,Jack Faulkner,025TMK001,2025-02-04,Yes,Private Sites
33680764,2025-02-20,2025-02-21,Ms,Breda,Harvey,Station Road,,,Mountcharles,Donegal,Donegal,F94 C864,,087 2358633,bredaharvey67@gmail.com,1967-11-01,12,Monthly,Breda Harvey,BOFIIE2DXXX,IE04BOFI90483594028599,YES,Yes,Yes,Yes,Yes,steven craig,025TMK001,2025-02-04,Yes,Private Sites
33680811,2025-02-20,2025-02-21,Mr,Ivan,Sutton,Broughan,,,The Ward,Dublin 11,Dublin 11,D11 XE20,,087 6792262,ivansutton5@gmail.com,1966-11-01,25,Monthly,Ivan Sutton,AIBKIE2DXXX,IE71AIBK93213245901068,YES,Yes,Yes,Yes,Yes,Gary Murphy,025TMK001,2025-02-04,Yes,Private Sites
33680897,2025-02-20,2025-02-21,Mr,James,McEnerney,5  Rosehill,,,Mullagh,Meath,Meath,A82 W726,,089 2327357,jamesmac17@outlook.ie,1986-10-01,18,Monthly,James McEnerney,BOFIIE2DXXX,IE93BOFI90326917858687,YES,Yes,Yes,Yes,Yes,Shannon Doyle,025TMK001,2025-02-04,Yes,Private Sites
33681048,2025-02-20,2025-02-21,Mr,Jordan,Manning,7 The Glade,Hunter's Run,,Clonee,Dublin 15,Dublin 15,D15 H6Y1,,085 7049893,jordonmanning99@gmail.com,1999-04-01,12,Monthly,Jordan Manning,REVOIE23XXX,IE25REVO99036018943319,YES,Yes,Yes,Yes,Yes,Dylan Mcauley,025TMK001,2025-02-04,Yes,Private Sites
33681122,2025-02-20,2025-02-21,Ms,Emma,O'Leary,51 Littlepace Crescent,,,Clonee,Dublin 15,Dublin 15,D15 H76H,,087 9722137,egk1979@hotmail.com,1979-05-01,21,Monthly,Emma O'Leary,BOFIIE2DXXX,IE80BOFI90334952885349,YES,Yes,Yes,Yes,Yes,Michelle Clarke,025TMK001,2025-02-04,Yes,Private Sites
33681303,2025-02-20,2025-02-21,Mr,Kalvin,Sherry,101 Fortlawn Avenue,,,Castleknock,Dublin 15,Dublin 15,D15 NW1D,,085 7842061,kalvin0989@outlook.com,1997-04-01,12,Monthly,Kalvin Sherry,AIBKIE2DXXX,IE02AIBK93251563791067,YES,Yes,Yes,Yes,Yes,Dylan Mcauley,025TMK001,2025-02-04,Yes,Private Sites
33681311,2025-02-20,2025-02-21,Mrs,Julie-Ann,O'Reilly,Radharc Screeboge,Moynalty,,Kells,Meath,Meath,A82 V9Y6,,086 8616295,oreillju@tcd.ie,1982-08-01,21,Monthly,Julie-Ann O'Reilly,BOFIIE2DXXX,IE72BOFI90344529897544,YES,Yes,Yes,Yes,Yes,Shannon Doyle,025TMK001,2025-02-04,Yes,Private Sites
33681559,2025-02-20,2025-02-21,Mr,Daniel,Mlagala,30 Linnetfields Park,,,Castaheany,Dublin 15,Dublin 15,D15 P5K7,,087 4700588,mdublin124@gmail.com,1979-06-01,12,Monthly,Daniel Mlagala,IPBSIE2DXXX,IE63IPBS99061030194200,YES,Yes,Yes,Yes,Yes,Veneta Zmaka,025TMK001,2025-02-04,Yes,Private Sites
33696008,2025-02-21,2025-02-22,Mr,Gordon,Drury,Dooreagh,Mountain Lodge,,Cootehill,Cavan,Cavan,H16 XR22,,086 0763002,amydrury98@gmail.com,1958-02-01,12,Monthly,Gordon and Amy Drury,AIBKIE2DXXX,IE20AIBK93205143016007,YES,Yes,Yes,Yes,Yes,Olivia Iftimie,025TMK001,2025-02-04,Yes,Private Sites
33696127,2025-02-21,2025-02-22,Ms,Sahra,Mohamed,6 The Green,Pheasant Run,,Clonee,Dublin 15,Dublin 15,D15 E9W6,,089 9623904,sahramoha2015@gmail.com,1982-07-01,12,Monthly,Sahra Mohamed,AIBKIE2DXXX,IE27AIBK93251555430187,YES,Yes,Yes,Yes,Yes,Ryan Halpin,025TMK001,2025-02-04,Yes,Private Sites
33696160,2025-02-21,2025-02-22,Mrs,Miriam,McEnroe,Cashel,Maudabawn,,Cootehill,Cavan,Cavan,H16 FW93,,087 6155277,miriammcenroe141@gmail.com,1978-09-01,21,Monthly,Miriam McEnroe,BIRUIE21XXX,IE91BIRU99103800392189,YES,Yes,Yes,Yes,Yes,Olivia Iftimie,025TMK001,2025-02-04,Yes,Private Sites
33696167,2025-02-21,2025-02-22,Mr,Brian,Fergus,Na Corcullen,Keenagh Beg,,Keenagh Beg,Mayo,Mayo,F26 KW63,,087 0993937,brianfergus04@gmail.com,1999-10-01,12,Monthly,Brian Fergus,AIBKIE2DXXX,IE14AIBK93702921095096,YES,Yes,Yes,Yes,Yes,Jack Faulkner,025TMK001,2025-02-04,Yes,Private Sites
33696347,2025-02-21,2025-02-22,Ms,Ina,Ciobanu,28 Deerhaven Avenue,,,Huntstown,Dublin 15,Dublin 15,D15 X3P4,,089 9867824,bisericanuina@gmail.com,1991-08-01,21,Monthly,Ina Ciobanu,IPBSIE2DXXX,IE14IPBS99067223811340,YES,Yes,Yes,Yes,Yes,Arianna Brunton,025TMK001,2025-02-04,No,Private Sites
33696352,2025-02-21,2025-02-22,Mr,Patrick,Lynch,5 Drumlin Drive,,,Cootehill,Cavan,Cavan,H16 FK65,,087 2854351,patrickpglynch@gmail.com,1961-03-01,16,Monthly,Patrick Lynch,REVOIE23XXX,IE11REVO99036063144725,YES,Yes,Yes,Yes,Yes,Jack Faulkner,025TMK001,2025-02-04,Yes,Private Sites
33696377,2025-02-21,2025-02-22,Mr,Darach,Reidy,64 Ludford Road,,,Ballinteer,Dublin 16,Dublin 16,D16 V489,,086 3755179,darachreidy@gmail.com,1969-02-01,21,Monthly,Darach Reidy,BOFIIE2DXXX,IE83BOFI90003387190221,YES,Yes,Yes,Yes,Yes,Gary Murphy,025TMK001,2025-02-04,Yes,Private Sites
33696440,2025-02-21,2025-02-22,Mr,Leigh,Cleary,12 Park Place,Grangerath,,Drogheda,Louth,Louth,A92 W1XH,,086 8300987,jcdecorators@gmail.com,1979-06-01,16,Monthly,Leigh Cleary,PSTSIE21XXX,IE97PSTS99030130929770,YES,Yes,Yes,Yes,Yes,Veneta Zmaka,025TMK001,2025-02-04,Yes,Private Sites
33696528,2025-02-21,2025-02-22,Ms,Sharon,Kelly,Drumawark,,,Pettigo,Donegal,Donegal,F94 K83X,,086 8977030,sharonkellie@eircom.net,1978-06-01,16,Monthly,Sharon Kelly,AIBKIE2DXXX,IE41AIBK93718520021085,YES,Yes,Yes,Yes,Yes,steven craig,025TMK001,2025-02-04,No,Private Sites
33696614,2025-02-21,2025-02-22,Mr,Matthew,Reilly,Rathmore,,,Athboy,Meath,Meath,C15 NH22,,087 6275090,mattreilly@live.com,1994-09-01,16,Monthly,Matthew Reilly,AIBKIE2DXXX,IE21AIBK93218371981040,YES,Yes,Yes,Yes,Yes,Olivia Iftimie,025TMK001,2025-02-04,Yes,Private Sites
33696636,2025-02-21,2025-02-22,Mrs,Nicola,Fitzgerald,33 Cherryfield Close,,,Hartstown,Dublin 15,Dublin 15,D15 ENK3,,085 1052879,nicolafitz@live.com,1984-09-01,21,Monthly,Nicola Fitzgerald,REVOIE23XXX,IE43REVO99036091189953,YES,Yes,Yes,Yes,Yes,Ryan Halpin,025TMK001,2025-02-04,Yes,Private Sites
33698646,2025-02-21,2025-02-22,Mr,Joseph,Mooney,61 Dun Rioga Crescent,,,Dunshaughlin,Meath,Meath,A85 E033,,087 3967474,josephfmooney12@gmail.com,1987-12-01,21,Monthly,Joseph Mooney,BOFIIE2DXXX,IE32BOFI90042019358053,YES,Yes,Yes,Yes,Yes,Dylan Mcauley,025TMK001,2025-02-04,Yes,Private Sites
33698689,2025-02-21,2025-02-22,Mr,Eamonn,O'Donnell,Kilbarron,,,Ballyshannon,Donegal,Donegal,F94 P403,,087 8473679,eamonnodonnell3@gmail.com,1974-11-01,21,Monthly,Eamonn O'Donnell,BOFIIE2DXXX,IE80BOFI90483544770437,YES,Yes,Yes,Yes,Yes,steven craig,025TMK001,2025-02-04,No,Private Sites
33698983,2025-02-21,2025-02-22,Ms,Louise,Carr,38 The Park,,,Hunter's Run,Dublin 15,Dublin 15,D15 C2H6,,087 2991865,laoisenicharra@gmail.com,1985-07-01,21,Monthly,Louise Carr,AIBKIE2DXXX,IE38AIBK93251506201034,YES,Yes,Yes,Yes,Yes,Sen Boland,025TMK001,2025-02-04,Yes,Private Sites
33699086,2025-02-21,2025-02-22,Mr,David,Maguire,Apartment 64 The Fairways,Seabrook Manor,,Portmarnock,Dublin County North,Dublin County North,D13 AK52,,086 2009610,maguire1033@hotmail.com,1959-11-01,13,Monthly,David Maguire,BOFIIE2DXXX,IE73BOFI90060790271866,YES,Yes,Yes,Yes,Yes,Veneta Zmaka,025TMK001,2025-02-04,Yes,Private Sites
33699244,2025-02-21,2025-02-22,Ms,Edoxia,Namuba,Apartment 13 Whatley Hall,,,Archerswood,Dublin 15,Dublin 15,D15 VF2H,,087 9401437,eudoxia83@gmail.com,1979-01-01,18,Monthly,Edoxia Namuba,REVOIE23XXX,IE38REVO99036012001959,YES,Yes,Yes,Yes,Yes,Dylan Mcauley,025TMK001,2025-02-04,Yes,Private Sites
33699312,2025-02-21,2025-02-22,Mr,Liam,Lynch,4 Orchard Close,,,Coolmine,Dublin 15,Dublin 15,D15 HP7X,,086 0449913,llynchpainting@gmail.com,1979-04-01,21,Monthly,Liam Lynch,AIBKIE2DXXX,IE48AIBK93251527393026,YES,Yes,Yes,Yes,Yes,Michelle Clarke,025TMK001,2025-02-04,Yes,Private Sites
33699337,2025-02-21,2025-02-22,Mrs,Catherine,Ronan,2 The Court,Lutterell Hall,,Dunboyne,Meath,Meath,A86 Y098,,087 2880247,catherineronan@gmail.com,1956-12-01,25,Monthly,Catherine Ronan,AIBKIE2DXXX,IE87AIBK93705333827162,YES,Yes,Yes,Yes,Yes,Viktor Tumas,025TMK001,2025-02-04,Yes,Private Sites
33699504,2025-02-21,2025-02-22,Mr,Thomas,Curran,12 Coragh View,,,Cootehill,Cavan,Cavan,H16 YX72,,087 7431579,thomas.curran@hotmail.com,1981-02-01,21,Monthly,Thomas Curran,BOFIIE2DXXX,IE46BOFI90329346392273,YES,Yes,Yes,Yes,Yes,Jack Faulkner,025TMK001,2025-02-04,Yes,Private Sites
33699507,2025-02-21,2025-02-22,Mrs,Patricia,Maxwell,76 Fortlawn Avenue,,,Coolmine,Dublin 15,Dublin 15,D15 RYC1,,085 2738648,trish76@gmail.com,1964-10-01,12,Monthly,Patricia Maxwell,IPBSIE2DXXX,IE27IPBS99061186469899,YES,Yes,Yes,Yes,Yes,Ryan Halpin,025TMK001,2025-02-04,Yes,Private Sites
33699607,2025-02-21,2025-02-22,Mr,Anthony,Fitzgerald,40 Littlepace Park,,,Clonee,Dublin 15,Dublin 15,D15 V9Y9,,085 7370150,1981fitzer@gmail.com,1981-08-01,16,Monthly,Anthony Fitzgeralald,IPBSIE2DXXX,IE19IPBS99065110152441,YES,Yes,Yes,Yes,Yes,Arianna Brunton,025TMK001,2025-02-04,No,Private Sites
33699701,2025-02-21,2025-02-22,Mrs,Marie,Killoran,19 Beechfield Court,,,Castaheany,Dublin 15,Dublin 15,D15 P6N2,,086 8772200,marie.kelly01@hotmail.com,1972-11-01,18,Monthly,Marie Killoran,IPBSIE2DXXX,IE47IPBS99065121627522,YES,Yes,Yes,Yes,Yes,Ryan Halpin,025TMK001,2025-02-04,No,Private Sites
33699753,2025-02-21,2025-02-22,Mr,Colin,Clerkin,Lattacrom,Shantonagh,,Castleblayney,Monaghan,Monaghan,A75 AC60,,083 3668664,colinclerkin2016@gmail.com,1993-02-01,12,Monthly,Colin Clerkin,AIBKIE2DXXX,IE84AIBK93242604864062,YES,Yes,Yes,Yes,Yes,Mia O Connor,025TMK001,2025-02-04,Yes,Private Sites
33699976,2025-02-21,2025-02-22,Ms,Rachael,Powell,139 Littlepace Gallops,,,Clonee,Dublin 15,Dublin 15,D15 R2R1,,086 3937444,r.powell139@gmail.com,1973-09-01,18,Monthly,Rachael Powell,AIBKIE2DXXX,IE38AIBK93213205232181,YES,Yes,Yes,Yes,Yes,Arianna Brunton,025TMK001,2025-02-04,No,Private Sites
33700058,2025-02-21,2025-02-22,Ms,Sabrina,Smith,13 Castlegrange Square,,,Castaheany,Dublin 15,Dublin 15,D15 NX2X,,083 0701413,smithsabrina1992@gmail.com,1992-12-01,18,Monthly,Sabrina Smith,AIBKIE2DXXX,IE24AIBK93251522194064,YES,Yes,Yes,Yes,Yes,Sen Boland,025TMK001,2025-02-04,No,Private Sites
33700066,2025-02-21,2025-02-22,Ms,Christina,McKeon,249 Pace Road,,,Clonee,Dublin 15,Dublin 15,D15 VH75,,087 3388487,christina.mckeon@gendigital.com,1974-06-01,16,Monthly,Christina McKeon,AIBKIE2DXXX,IE04AIBK93251514415121,YES,Yes,Yes,Yes,Yes,Ryan Halpin,025TMK001,2025-02-04,Yes,Private Sites
33700211,2025-02-21,2025-02-22,Mrs,Geraldine,Flynn,134 Pace Avenue,,,Clonee,Dublin 15,Dublin 15,D15 X722,,086 8489300,geraldineflynn134@gmail.com,1961-06-01,25,Monthly,Geraldine Flynn,AIBKIE2DXXX,IE23AIBK93103903651032,YES,Yes,Yes,Yes,Yes,Sen Boland,025TMK001,2025-02-04,No,Private Sites
33700252,2025-02-21,2025-02-22,Mr,John,O'Sullivan,113 The Court,Dunboyne Castle,,Dunboyne,Meath,Meath,A86 HR61,,087 7535367,johnos1967@gmail.com,1967-08-01,12,Monthly,John O'Sullivan,BOFIIE2DXXX,IE26BOFI90097396959346,YES,Yes,Yes,Yes,Yes,Ryan Halpin,025TMK001,2025-02-04,Yes,Private Sites
33700312,2025-02-21,2025-02-22,Ms,Elaine,McQuaid,Corragarry,,,Canningstown,Cavan,Cavan,H16 X248,,086 8427209,elainemcq@live.co.uk,1980-11-01,21,Monthly,Elaine McQuaid,IPBSIE2DXXX,IE98IPBS99066832899052,YES,Yes,Yes,Yes,Yes,Jack Faulkner,025TMK001,2025-02-04,Yes,Private Sites
33700349,2025-02-21,2025-02-22,Mr,James,Brannigan,Maghernaharny,,,Rockcorry,Monaghan,Monaghan,H18 XY72,,086 1639276,jamesbrannigan96@gmail.com,1989-09-01,21,Monthly,James Brannigan,BOFIIE2DXXX,IE05BOFI90323437576513,YES,Yes,Yes,Yes,Yes,Olivia Iftimie,025TMK001,2025-02-04,Yes,Private Sites
33700354,2025-02-21,2025-02-22,Mr,Christopher,Apenela,40 Gort Fionnbarra,,,Navan,Meath,Meath,C15 FD2Y,,085 2531415,apenelac@gmail.com,1993-01-01,16,Monthly,Christopher Apenela,AIBKIE2DXXX,IE47AIBK93218356298097,YES,Yes,Yes,Yes,Yes,Michelle Clarke,025TMK001,2025-02-04,No,Private Sites
33700398,2025-02-21,2025-02-22,Mr,Patrick,Smith,8 Drumman,,,Cootehill,Cavan,Cavan,H16 A297,,083 8513385,smify700@gmail.com,1993-08-01,18,Monthly,Patrick Smith,BOFIIE2DXXX,IE78BOFI90329344179030,YES,Yes,Yes,Yes,Yes,Shannon Doyle,025TMK001,2025-02-04,No,Private Sites
33700464,2025-02-21,2025-02-22,Mr,Donal,O'Neill,2 Willow Park,Millfarm,,Dunboyne,Meath,Meath,A86 X299,,087 6905374,jjdoneill@icloud.com,1972-01-01,18,Monthly,Donal O'Neill,IPBSIE2DXXX,IE17IPBS99062600401831,YES,Yes,Yes,Yes,Yes,Veneta Zmaka,025TMK001,2025-02-04,Yes,Private Sites
33705821,2025-02-22,2025-02-23,Mr,Chris,Kelly,37 Cherry Park,,,Swords,Dublin County North,Dublin County North,K67 HD37,,087 2920679,chriskelly677@gmail.com,1974-01-01,21,Monthly,Chris Kelly,BOFIIE2DXXX,IE29BOFI90070361566171,YES,Yes,Yes,Yes,Yes,Viktor Tumas,025TMK001,2025-02-04,No,Private Sites
